,Spot,Um,Cm
0,ETHBTC,ONEUSDT,BTCUSD_PERP
1,LTCBTC,ARUSDT,BTCUSD_230929
2,BNBBTC,GTCUSDT,BTCUSD_231229
3,NEOBTC,BATUSDT,ETHUSD_PERP
4,QTUMETH,PHBUSDT,ETHUSD_230929
5,EOSETH,COCOSUSDT,ETHUSD_231229
6,SNTETH,ETCUSDT,LINKUSD_PERP
7,BNTETH,SRMUSDT,BNBUSD_PERP
8,BCCBTC,HBARUSDT,TRXUSD_PERP
9,GASBTC,CHZUSDT,DOTUSD_PERP
10,BNBETH,XRPBUSD,ADAUSD_PERP
11,BTCUSDT,VETUSDT,EOSUSD_PERP
12,ETHUSDT,DOGEUSDT,LTCUSD_PERP
13,HSRBTC,RVNUSDT,BCHUSD_PERP
14,OAXETH,OGNUSDT,XRPUSD_PERP
15,DNTETH,CTSIUSDT,ETCUSD_PERP
16,MCOETH,ENSUSDT,FILUSD_PERP
17,ICNETH,APEBUSD,EGLDUSD_PERP
18,MCOBTC,GMTBUSD,DOGEUSD_PERP
19,WTCBTC,SXPUSDT,UNIUSD_PERP
20,WTCETH,RDNTUSDT,THETAUSD_PERP
21,LRCBTC,OPUSDT,XLMUSD_PERP
22,LRCETH,ATOMUSDT,SOLUSD_PERP
23,QTUMBTC,XVGUSDT,FTMUSD_PERP
24,YOYOBTC,ADAUSDT,SANDUSD_PERP
25,OMGBTC,ONTUSDT,MANAUSD_PERP
26,OMGETH,DYDXUSDT,AVAXUSD_PERP
27,ZRXBTC,TRXBUSD,GALAUSD_PERP
28,ZRXETH,1000LUNCUSDT,MATICUSD_PERP
29,STRATBTC,NMRUSDT,NEARUSD_PERP
30,STRATETH,BTCSTUSDT,ATOMUSD_PERP
31,SNGLSBTC,BNBBUSD,AAVEUSD_PERP
32,SNGLSETH,ETHBTC,AXSUSD_PERP
33,BQXBTC,SSVUSDT,ROSEUSD_PERP
34,BQXETH,AMBUSDT,XTZUSD_PERP
35,KNCBTC,SUSHIUSDT,ICXUSD_PERP
36,KNCETH,CHRUSDT,ALGOUSD_PERP
37,FUNBTC,SOLBUSD,RUNEUSD_PERP
38,FUNETH,SPELLUSDT,APEUSD_PERP
39,SNMBTC,ETHBUSD,VETUSD_PERP
40,SNMETH,APEUSDT,ZILUSD_PERP
41,NEOETH,MATICBUSD,KNCUSD_PERP
42,IOTABTC,FOOTBALLUSDT,XMRUSD_PERP
43,IOTAETH,AMBBUSD,GMTUSD_PERP
44,LINKBTC,FTMBUSD,OPUSD_PERP
45,LINKETH,CRVUSDT,ENSUSD_PERP
46,XVGBTC,STMXUSDT,CHZUSD_PERP
47,XVGETH,ZILUSDT,APTUSD_PERP
48,SALTBTC,FETUSDT,ADAUSD_230929
49,SALTETH,ETHUSDT,LINKUSD_230929
50,MDABTC,HFTUSDT,BCHUSD_230929
51,MDAETH,UMAUSDT,DOTUSD_230929
52,MTLBTC,FILBUSD,XRPUSD_230929
53,MTLETH,COMPUSDT,LTCUSD_230929
54,SUBBTC,OCEANUSDT,BNBUSD_230929
55,SUBETH,BTCUSDT_230929,ADAUSD_231229
56,EOSBTC,ALICEUSDT,LINKUSD_231229
57,SNTBTC,UNIUSDT,BCHUSD_231229
58,ETCETH,GMTUSDT,DOTUSD_231229
59,ETCBTC,EDUUSDT,XRPUSD_231229
60,MTHBTC,KEYUSDT,LTCUSD_231229
61,MTHETH,ARPAUSDT,BNBUSD_231229
62,ENGBTC,ENJUSDT,
63,ENGETH,IOTAUSDT,
64,DNTBTC,TLMBUSD,
65,ZECBTC,BLZUSDT,
66,ZECETH,BTSUSDT,
67,BNTBTC,JOEUSDT,
68,ASTBTC,GALAUSDT,
69,ASTETH,LDOBUSD,
70,DASHBTC,MINAUSDT,
71,DASHETH,RLCUSDT,
72,OAXBTC,ANCBUSD,
73,ICNBTC,CTKUSDT,
74,BTGBTC,WOOUSDT,
75,BTGETH,STORJUSDT,
76,EVXBTC,ETHUSDT_230929,
77,EVXETH,TLMUSDT,
78,REQBTC,ADABUSD,
79,REQETH,LTCBUSD,
80,VIBBTC,CFXUSDT,
81,VIBETH,ACHUSDT,
82,HSRETH,LQTYUSDT,
83,TRXBTC,BTCDOMUSDT,
84,TRXETH,YFIUSDT,
85,POWRBTC,IDEXUSDT,
86,POWRETH,CELOUSDT,
87,ARKBTC,BNXUSDT,
88,ARKETH,GRTUSDT,
89,YOYOETH,SANDUSDT,
90,XRPBTC,IDUSDT,
91,XRPETH,ICXUSDT,
92,MODBTC,DODOXUSDT,
93,MODETH,KSMUSDT,
94,ENJBTC,LRCUSDT,
95,ENJETH,LPTUSDT,
96,STORJBTC,TRXUSDT,
97,STORJETH,AVAXBUSD,
98,BNBUSDT,LITUSDT,
99,VENBNB,DOTUSDT,
100,YOYOBNB,ATAUSDT,
101,POWRBNB,CKBUSDT,
102,VENBTC,LEVERUSDT,
103,VENETH,MTLUSDT,
104,KMDBTC,MANAUSDT,
105,KMDETH,STGUSDT,
106,NULSBNB,BNBUSDT,
107,RCNBTC,DOTBUSD,
108,RCNETH,TRUUSDT,
109,RCNBNB,PERPUSDT,
110,NULSBTC,FTTUSDT,
111,NULSETH,IMXUSDT,
112,RDNBTC,JASMYUSDT,
113,RDNETH,ARBUSDT,
114,RDNBNB,BTCBUSD,
115,XMRBTC,REEFUSDT,
116,XMRETH,FTMUSDT,
117,DLTBNB,DASHUSDT,
118,WTCBNB,SNXUSDT,
119,DLTBTC,CVCUSDT,
120,DLTETH,ALGOUSDT,
121,AMBBTC,KNCUSDT,
122,AMBETH,DODOBUSD,
123,AMBBNB,INJUSDT,
124,BCCETH,COTIUSDT,
125,BCCUSDT,BELUSDT,
126,BCCBNB,FLOWUSDT,
127,BATBTC,ROSEUSDT,
128,BATETH,TRBUSDT,
129,BATBNB,THETAUSDT,
130,BCPTBTC,BNTUSDT,
131,BCPTETH,HIGHUSDT,
132,BCPTBNB,UNIBUSD,
133,ARNBTC,OMGUSDT,
134,ARNETH,UNFIUSDT,
135,GVTBTC,PENDLEUSDT,
136,GVTETH,ASTRUSDT,
137,CDTBTC,KLAYUSDT,
138,CDTETH,USDCUSDT,
139,GXSBTC,EGLDUSDT,
140,GXSETH,LEVERBUSD,
141,NEOUSDT,GALABUSD,
142,NEOBNB,BANDUSDT,
143,POEBTC,ZENUSDT,
144,POEETH,YGGUSDT,
145,QSPBTC,AXSUSDT,
146,QSPETH,AUCTIONBUSD,
147,QSPBNB,APTBUSD,
148,BTSBTC,CELRUSDT,
149,BTSETH,MDTUSDT,
150,BTSBNB,QTUMUSDT,
151,XZCBTC,LUNA2USDT,
152,XZCETH,BTCUSDT,
153,XZCBNB,MATICUSDT,
154,LSKBTC,LTCUSDT,
155,LSKETH,EOSUSDT,
156,LSKBNB,LINAUSDT,
157,TNTBTC,1000FLOKIUSDT,
158,TNTETH,ETCBUSD,
159,FUELBTC,XVSUSDT,
160,FUELETH,NKNUSDT,
161,MANABTC,XMRUSDT,
162,MANAETH,XRPUSDT,
163,BCDBTC,LDOUSDT,
164,BCDETH,WAVESBUSD,
165,DGDBTC,RAYUSDT,
166,DGDETH,1000XECUSDT,
167,IOTABNB,APTUSDT,
168,ADXBTC,COMBOUSDT,
169,ADXETH,AGIXBUSD,
170,ADXBNB,SANDBUSD,
171,ADABTC,HNTUSDT,
172,ADAETH,OXTUSDT,
173,PPTBTC,QNTUSDT,
174,PPTETH,1000SHIBUSDT,
175,CMTBTC,RADUSDT,
176,CMTETH,ZRXUSDT,
177,CMTBNB,NEOUSDT,
178,XLMBTC,CVXBUSD,
179,XLMETH,BAKEUSDT,
180,XLMBNB,ALPHAUSDT,
181,CNDBTC,GMXUSDT,
182,CNDETH,IOTXUSDT,
183,CNDBNB,MAVUSDT,
184,LENDBTC,1INCHUSDT,
185,LENDETH,SOLUSDT,
186,WABIBTC,RENUSDT,
187,WABIETH,PEOPLEUSDT,
188,WABIBNB,1000PEPEUSDT,
189,LTCETH,FILUSDT,
190,LTCUSDT,AGIXUSDT,
191,LTCBNB,STXUSDT,
192,TNBBTC,FLMUSDT,
193,TNBETH,BALUSDT,
194,WAVESBTC,DUSKUSDT,
195,WAVESETH,MAGICUSDT,
196,WAVESBNB,XLMUSDT,
197,GTOBTC,ANTUSDT,
198,GTOETH,WLDUSDT,
199,GTOBNB,1000LUNCBUSD,
200,ICXBTC,TUSDT,
201,ICXETH,MKRUSDT,
202,ICXBNB,PHBBUSD,
203,OSTBTC,ICPUSDT,
204,OSTETH,RUNEUSDT,
205,OSTBNB,BLURUSDT,
206,ELFBTC,AUDIOUSDT,
207,ELFETH,GALBUSD,
208,AIONBTC,LINKUSDT,
209,AIONETH,TOMOUSDT,
210,AIONBNB,IOSTUSDT,
211,NEBLBTC,HOTUSDT,
212,NEBLBNB,AVAXUSDT,
213,BRDBTC,C98USDT,
214,BRDETH,RNDRUSDT,
215,BRDBNB,LINKBUSD,
216,MCOBNB,ARKMUSDT,
217,EDOBTC,DENTUSDT,
218,EDOETH,DOGEBUSD,
219,WINGSBTC,ANKRUSDT,
220,WINGSETH,RSRUSDT,
221,NAVBTC,HOOKUSDT,
222,NAVETH,DGBUSDT,
223,NAVBNB,SKLUSDT,
224,LUNBTC,FTTBUSD,
225,LUNETH,BCHUSDT,
226,TRIGBTC,NEARBUSD,
227,TRIGETH,DEFIUSDT,
228,TRIGBNB,DARUSDT,
229,APPCBTC,KAVAUSDT,
230,APPCETH,BLUEBIRDUSDT,
231,APPCBNB,FXSUSDT,
232,VIBEBTC,GALUSDT,
233,VIBEETH,XEMUSDT,
234,RLCBTC,ZECUSDT,
235,RLCETH,1000SHIBBUSD,
236,RLCBNB,AGLDUSDT,
237,INSBTC,SUIUSDT,
238,INSETH,WAVESUSDT,
239,PIVXBTC,AAVEUSDT,
240,PIVXBNB,MASKUSDT,
241,IOSTBTC,API3USDT,
242,IOSTETH,XTZUSDT,
243,CHATBTC,SCUSDT,
244,CHATETH,SFPUSDT,
245,STEEMBTC,NEARUSDT,
246,STEEMETH,CVXUSDT,
247,STEEMBNB,SEIUSDT,
248,NANOBTC,BTCUSDT_231229,
249,NANOETH,ETHUSDT_231229,
250,NANOBNB,,
251,VIABTC,,
252,VIAETH,,
253,VIABNB,,
254,BLZBTC,,
255,BLZETH,,
256,BLZBNB,,
257,AEBTC,,
258,AEETH,,
259,AEBNB,,
260,RPXBTC,,
261,RPXETH,,
262,RPXBNB,,
263,NCASHBTC,,
264,NCASHETH,,
265,NCASHBNB,,
266,POABTC,,
267,POAETH,,
268,POABNB,,
269,ZILBTC,,
270,ZILETH,,
271,ZILBNB,,
272,ONTBTC,,
273,ONTETH,,
274,ONTBNB,,
275,STORMBTC,,
276,STORMETH,,
277,STORMBNB,,
278,QTUMBNB,,
279,QTUMUSDT,,
280,XEMBTC,,
281,XEMETH,,
282,XEMBNB,,
283,WANBTC,,
284,WANETH,,
285,WANBNB,,
286,WPRBTC,,
287,WPRETH,,
288,QLCBTC,,
289,QLCETH,,
290,SYSBTC,,
291,SYSETH,,
292,SYSBNB,,
293,QLCBNB,,
294,GRSBTC,,
295,GRSETH,,
296,ADAUSDT,,
297,ADABNB,,
298,CLOAKBTC,,
299,CLOAKETH,,
300,GNTBTC,,
301,GNTETH,,
302,GNTBNB,,
303,LOOMBTC,,
304,LOOMETH,,
305,LOOMBNB,,
306,XRPUSDT,,
307,BCNBTC,,
308,BCNETH,,
309,BCNBNB,,
310,REPBTC,,
311,REPBNB,,
312,BTCTUSD,,
313,TUSDBTC,,
314,ETHTUSD,,
315,TUSDETH,,
316,TUSDBNB,,
317,ZENBTC,,
318,ZENETH,,
319,ZENBNB,,
320,SKYBTC,,
321,SKYETH,,
322,SKYBNB,,
323,EOSUSDT,,
324,EOSBNB,,
325,CVCBTC,,
326,CVCETH,,
327,CVCBNB,,
328,THETABTC,,
329,THETAETH,,
330,THETABNB,,
331,XRPBNB,,
332,TUSDUSDT,,
333,IOTAUSDT,,
334,XLMUSDT,,
335,IOTXBTC,,
336,IOTXETH,,
337,QKCBTC,,
338,QKCETH,,
339,AGIBTC,,
340,AGIETH,,
341,AGIBNB,,
342,NXSBTC,,
343,NXSETH,,
344,NXSBNB,,
345,ENJBNB,,
346,DATABTC,,
347,DATAETH,,
348,ONTUSDT,,
349,TRXBNB,,
350,TRXUSDT,,
351,ETCUSDT,,
352,ETCBNB,,
353,ICXUSDT,,
354,SCBTC,,
355,SCETH,,
356,NPXSBTC,,
357,NPXSETH,,
358,VENUSDT,,
359,KEYBTC,,
360,KEYETH,,
361,NASBTC,,
362,NASETH,,
363,NASBNB,,
364,MFTBTC,,
365,MFTETH,,
366,MFTBNB,,
367,DENTBTC,,
368,DENTETH,,
369,ARDRBTC,,
370,ARDRETH,,
371,ARDRBNB,,
372,NULSUSDT,,
373,HOTBTC,,
374,HOTETH,,
375,VETBTC,,
376,VETETH,,
377,VETUSDT,,
378,VETBNB,,
379,DOCKBTC,,
380,DOCKETH,,
381,POLYBTC,,
382,POLYBNB,,
383,PHXBTC,,
384,PHXETH,,
385,PHXBNB,,
386,HCBTC,,
387,HCETH,,
388,GOBTC,,
389,GOBNB,,
390,PAXBTC,,
391,PAXBNB,,
392,PAXUSDT,,
393,PAXETH,,
394,RVNBTC,,
395,DCRBTC,,
396,DCRBNB,,
397,USDCBNB,,
398,MITHBTC,,
399,MITHBNB,,
400,BCHABCBTC,,
401,BCHSVBTC,,
402,BCHABCUSDT,,
403,BCHSVUSDT,,
404,BNBPAX,,
405,BTCPAX,,
406,ETHPAX,,
407,XRPPAX,,
408,EOSPAX,,
409,XLMPAX,,
410,RENBTC,,
411,RENBNB,,
412,BNBTUSD,,
413,XRPTUSD,,
414,EOSTUSD,,
415,XLMTUSD,,
416,BNBUSDC,,
417,BTCUSDC,,
418,ETHUSDC,,
419,XRPUSDC,,
420,EOSUSDC,,
421,XLMUSDC,,
422,USDCUSDT,,
423,ADATUSD,,
424,TRXTUSD,,
425,NEOTUSD,,
426,TRXXRP,,
427,XZCXRP,,
428,PAXTUSD,,
429,USDCTUSD,,
430,USDCPAX,,
431,LINKUSDT,,
432,LINKTUSD,,
433,LINKPAX,,
434,LINKUSDC,,
435,WAVESUSDT,,
436,WAVESTUSD,,
437,WAVESPAX,,
438,WAVESUSDC,,
439,BCHABCTUSD,,
440,BCHABCPAX,,
441,BCHABCUSDC,,
442,BCHSVTUSD,,
443,BCHSVPAX,,
444,BCHSVUSDC,,
445,LTCTUSD,,
446,LTCPAX,,
447,LTCUSDC,,
448,TRXPAX,,
449,TRXUSDC,,
450,BTTBTC,,
451,BTTBNB,,
452,BTTUSDT,,
453,BNBUSDS,,
454,BTCUSDS,,
455,USDSUSDT,,
456,USDSPAX,,
457,USDSTUSD,,
458,USDSUSDC,,
459,BTTPAX,,
460,BTTTUSD,,
461,BTTUSDC,,
462,ONGBNB,,
463,ONGBTC,,
464,ONGUSDT,,
465,HOTBNB,,
466,HOTUSDT,,
467,ZILUSDT,,
468,ZRXBNB,,
469,ZRXUSDT,,
470,FETBNB,,
471,FETBTC,,
472,FETUSDT,,
473,BATUSDT,,
474,XMRBNB,,
475,XMRUSDT,,
476,ZECBNB,,
477,ZECUSDT,,
478,ZECPAX,,
479,ZECTUSD,,
480,ZECUSDC,,
481,IOSTUSDT,,
482,CELRBNB,,
483,CELRBTC,,
484,CELRUSDT,,
485,ADAPAX,,
486,ADAUSDC,,
487,NEOPAX,,
488,NEOUSDC,,
489,DASHBNB,,
490,DASHUSDT,,
491,NANOUSDT,,
492,OMGBNB,,
493,OMGUSDT,,
494,THETAUSDT,,
495,ENJUSDT,,
496,MITHUSDT,,
497,MATICBNB,,
498,MATICBTC,,
499,MATICUSDT,,
500,ATOMBNB,,
501,ATOMBTC,,
502,ATOMUSDT,,
503,ATOMUSDC,,
504,ATOMPAX,,
505,ATOMTUSD,,
506,ETCUSDC,,
507,ETCPAX,,
508,ETCTUSD,,
509,BATUSDC,,
510,BATPAX,,
511,BATTUSD,,
512,PHBBNB,,
513,PHBBTC,,
514,PHBUSDC,,
515,PHBTUSD,,
516,PHBPAX,,
517,TFUELBNB,,
518,TFUELBTC,,
519,TFUELUSDT,,
520,TFUELUSDC,,
521,TFUELTUSD,,
522,TFUELPAX,,
523,ONEBNB,,
524,ONEBTC,,
525,ONEUSDT,,
526,ONETUSD,,
527,ONEPAX,,
528,ONEUSDC,,
529,FTMBNB,,
530,FTMBTC,,
531,FTMUSDT,,
532,FTMTUSD,,
533,FTMPAX,,
534,FTMUSDC,,
535,BTCBBTC,,
536,BCPTTUSD,,
537,BCPTPAX,,
538,BCPTUSDC,,
539,ALGOBNB,,
540,ALGOBTC,,
541,ALGOUSDT,,
542,ALGOTUSD,,
543,ALGOPAX,,
544,ALGOUSDC,,
545,USDSBUSDT,,
546,USDSBUSDS,,
547,GTOUSDT,,
548,GTOPAX,,
549,GTOTUSD,,
550,GTOUSDC,,
551,ERDBNB,,
552,ERDBTC,,
553,ERDUSDT,,
554,ERDPAX,,
555,ERDUSDC,,
556,DOGEBNB,,
557,DOGEBTC,,
558,DOGEUSDT,,
559,DOGEPAX,,
560,DOGEUSDC,,
561,DUSKBNB,,
562,DUSKBTC,,
563,DUSKUSDT,,
564,DUSKUSDC,,
565,DUSKPAX,,
566,BGBPUSDC,,
567,ANKRBNB,,
568,ANKRBTC,,
569,ANKRUSDT,,
570,ANKRTUSD,,
571,ANKRPAX,,
572,ANKRUSDC,,
573,ONTPAX,,
574,ONTUSDC,,
575,WINBNB,,
576,WINBTC,,
577,WINUSDT,,
578,WINUSDC,,
579,COSBNB,,
580,COSBTC,,
581,COSUSDT,,
582,TUSDBTUSD,,
583,NPXSUSDT,,
584,NPXSUSDC,,
585,COCOSBNB,,
586,COCOSBTC,,
587,COCOSUSDT,,
588,MTLUSDT,,
589,TOMOBNB,,
590,TOMOBTC,,
591,TOMOUSDT,,
592,TOMOUSDC,,
593,PERLBNB,,
594,PERLBTC,,
595,PERLUSDC,,
596,PERLUSDT,,
597,DENTUSDT,,
598,MFTUSDT,,
599,KEYUSDT,,
600,STORMUSDT,,
601,DOCKUSDT,,
602,WANUSDT,,
603,FUNUSDT,,
604,CVCUSDT,,
605,BTTTRX,,
606,WINTRX,,
607,CHZBNB,,
608,CHZBTC,,
609,CHZUSDT,,
610,BANDBNB,,
611,BANDBTC,,
612,BANDUSDT,,
613,BNBBUSD,,
614,BTCBUSD,,
615,BUSDUSDT,,
616,BEAMBNB,,
617,BEAMBTC,,
618,BEAMUSDT,,
619,XTZBNB,,
620,XTZBTC,,
621,XTZUSDT,,
622,RENUSDT,,
623,RVNUSDT,,
624,HCUSDT,,
625,HBARBNB,,
626,HBARBTC,,
627,HBARUSDT,,
628,NKNBNB,,
629,NKNBTC,,
630,NKNUSDT,,
631,XRPBUSD,,
632,ETHBUSD,,
633,BCHABCBUSD,,
634,LTCBUSD,,
635,LINKBUSD,,
636,ETCBUSD,,
637,STXBNB,,
638,STXBTC,,
639,STXUSDT,,
640,KAVABNB,,
641,KAVABTC,,
642,KAVAUSDT,,
643,BUSDNGN,,
644,BNBNGN,,
645,BTCNGN,,
646,ARPABNB,,
647,ARPABTC,,
648,ARPAUSDT,,
649,TRXBUSD,,
650,EOSBUSD,,
651,IOTXUSDT,,
652,RLCUSDT,,
653,MCOUSDT,,
654,XLMBUSD,,
655,ADABUSD,,
656,CTXCBNB,,
657,CTXCBTC,,
658,CTXCUSDT,,
659,BCHBNB,,
660,BCHBTC,,
661,BCHUSDT,,
662,BCHUSDC,,
663,BCHTUSD,,
664,BCHPAX,,
665,BCHBUSD,,
666,BTCRUB,,
667,ETHRUB,,
668,XRPRUB,,
669,BNBRUB,,
670,TROYBNB,,
671,TROYBTC,,
672,TROYUSDT,,
673,BUSDRUB,,
674,QTUMBUSD,,
675,VETBUSD,,
676,VITEBNB,,
677,VITEBTC,,
678,VITEUSDT,,
679,FTTBNB,,
680,FTTBTC,,
681,FTTUSDT,,
682,BTCTRY,,
683,BNBTRY,,
684,BUSDTRY,,
685,ETHTRY,,
686,XRPTRY,,
687,USDTTRY,,
688,USDTRUB,,
689,BTCEUR,,
690,ETHEUR,,
691,BNBEUR,,
692,XRPEUR,,
693,EURBUSD,,
694,EURUSDT,,
695,OGNBNB,,
696,OGNBTC,,
697,OGNUSDT,,
698,DREPBNB,,
699,DREPBTC,,
700,DREPUSDT,,
701,BULLUSDT,,
702,BULLBUSD,,
703,BEARUSDT,,
704,BEARBUSD,,
705,ETHBULLUSDT,,
706,ETHBULLBUSD,,
707,ETHBEARUSDT,,
708,ETHBEARBUSD,,
709,TCTBNB,,
710,TCTBTC,,
711,TCTUSDT,,
712,WRXBNB,,
713,WRXBTC,,
714,WRXUSDT,,
715,ICXBUSD,,
716,BTSUSDT,,
717,BTSBUSD,,
718,LSKUSDT,,
719,BNTUSDT,,
720,BNTBUSD,,
721,LTOBNB,,
722,LTOBTC,,
723,LTOUSDT,,
724,ATOMBUSD,,
725,DASHBUSD,,
726,NEOBUSD,,
727,WAVESBUSD,,
728,XTZBUSD,,
729,EOSBULLUSDT,,
730,EOSBULLBUSD,,
731,EOSBEARUSDT,,
732,EOSBEARBUSD,,
733,XRPBULLUSDT,,
734,XRPBULLBUSD,,
735,XRPBEARUSDT,,
736,XRPBEARBUSD,,
737,BATBUSD,,
738,ENJBUSD,,
739,NANOBUSD,,
740,ONTBUSD,,
741,RVNBUSD,,
742,STRATBUSD,,
743,STRATBNB,,
744,STRATUSDT,,
745,AIONBUSD,,
746,AIONUSDT,,
747,MBLBNB,,
748,MBLBTC,,
749,MBLUSDT,,
750,COTIBNB,,
751,COTIBTC,,
752,COTIUSDT,,
753,ALGOBUSD,,
754,BTTBUSD,,
755,TOMOBUSD,,
756,XMRBUSD,,
757,ZECBUSD,,
758,BNBBULLUSDT,,
759,BNBBULLBUSD,,
760,BNBBEARUSDT,,
761,BNBBEARBUSD,,
762,STPTBNB,,
763,STPTBTC,,
764,STPTUSDT,,
765,BTCZAR,,
766,ETHZAR,,
767,BNBZAR,,
768,USDTZAR,,
769,BUSDZAR,,
770,BTCBKRW,,
771,ETHBKRW,,
772,BNBBKRW,,
773,WTCUSDT,,
774,DATABUSD,,
775,DATAUSDT,,
776,XZCUSDT,,
777,SOLBNB,,
778,SOLBTC,,
779,SOLUSDT,,
780,SOLBUSD,,
781,BTCIDRT,,
782,BNBIDRT,,
783,USDTIDRT,,
784,BUSDIDRT,,
785,CTSIBTC,,
786,CTSIUSDT,,
787,CTSIBNB,,
788,CTSIBUSD,,
789,HIVEBNB,,
790,HIVEBTC,,
791,HIVEUSDT,,
792,CHRBNB,,
793,CHRBTC,,
794,CHRUSDT,,
795,BTCUPUSDT,,
796,BTCDOWNUSDT,,
797,GXSUSDT,,
798,ARDRUSDT,,
799,ERDBUSD,,
800,LENDUSDT,,
801,HBARBUSD,,
802,MATICBUSD,,
803,WRXBUSD,,
804,ZILBUSD,,
805,MDTBNB,,
806,MDTBTC,,
807,MDTUSDT,,
808,STMXBTC,,
809,STMXETH,,
810,STMXUSDT,,
811,KNCBUSD,,
812,KNCUSDT,,
813,REPBUSD,,
814,REPUSDT,,
815,LRCBUSD,,
816,LRCUSDT,,
817,IQBNB,,
818,IQBUSD,,
819,PNTBTC,,
820,PNTUSDT,,
821,BTCGBP,,
822,ETHGBP,,
823,XRPGBP,,
824,BNBGBP,,
825,GBPBUSD,,
826,DGBBTC,,
827,DGBBUSD,,
828,BTCUAH,,
829,USDTUAH,,
830,COMPBTC,,
831,COMPBNB,,
832,COMPBUSD,,
833,COMPUSDT,,
834,BTCBIDR,,
835,ETHBIDR,,
836,BNBBIDR,,
837,BUSDBIDR,,
838,USDTBIDR,,
839,BKRWUSDT,,
840,BKRWBUSD,,
841,SCUSDT,,
842,ZENUSDT,,
843,SXPBTC,,
844,SXPBNB,,
845,SXPBUSD,,
846,SNXBTC,,
847,SNXBNB,,
848,SNXBUSD,,
849,SNXUSDT,,
850,ETHUPUSDT,,
851,ETHDOWNUSDT,,
852,ADAUPUSDT,,
853,ADADOWNUSDT,,
854,LINKUPUSDT,,
855,LINKDOWNUSDT,,
856,VTHOBNB,,
857,VTHOBUSD,,
858,VTHOUSDT,,
859,DCRBUSD,,
860,DGBUSDT,,
861,GBPUSDT,,
862,STORJBUSD,,
863,SXPUSDT,,
864,IRISBNB,,
865,IRISBTC,,
866,IRISBUSD,,
867,MKRBNB,,
868,MKRBTC,,
869,MKRUSDT,,
870,MKRBUSD,,
871,DAIBNB,,
872,DAIBTC,,
873,DAIUSDT,,
874,DAIBUSD,,
875,RUNEBNB,,
876,RUNEBTC,,
877,RUNEBUSD,,
878,MANABUSD,,
879,DOGEBUSD,,
880,LENDBUSD,,
881,ZRXBUSD,,
882,DCRUSDT,,
883,STORJUSDT,,
884,XRPBKRW,,
885,ADABKRW,,
886,BTCAUD,,
887,ETHAUD,,
888,AUDBUSD,,
889,FIOBNB,,
890,FIOBTC,,
891,FIOBUSD,,
892,BNBUPUSDT,,
893,BNBDOWNUSDT,,
894,XTZUPUSDT,,
895,XTZDOWNUSDT,,
896,AVABNB,,
897,AVABTC,,
898,AVABUSD,,
899,USDTBKRW,,
900,BUSDBKRW,,
901,IOTABUSD,,
902,MANAUSDT,,
903,XRPAUD,,
904,BNBAUD,,
905,AUDUSDT,,
906,BALBNB,,
907,BALBTC,,
908,BALBUSD,,
909,YFIBNB,,
910,YFIBTC,,
911,YFIBUSD,,
912,YFIUSDT,,
913,BLZBUSD,,
914,KMDBUSD,,
915,BALUSDT,,
916,BLZUSDT,,
917,IRISUSDT,,
918,KMDUSDT,,
919,BTCDAI,,
920,ETHDAI,,
921,BNBDAI,,
922,USDTDAI,,
923,BUSDDAI,,
924,JSTBNB,,
925,JSTBTC,,
926,JSTBUSD,,
927,JSTUSDT,,
928,SRMBNB,,
929,SRMBTC,,
930,SRMBUSD,,
931,SRMUSDT,,
932,ANTBNB,,
933,ANTBTC,,
934,ANTBUSD,,
935,ANTUSDT,,
936,CRVBNB,,
937,CRVBTC,,
938,CRVBUSD,,
939,CRVUSDT,,
940,SANDBNB,,
941,SANDBTC,,
942,SANDUSDT,,
943,SANDBUSD,,
944,OCEANBNB,,
945,OCEANBTC,,
946,OCEANBUSD,,
947,OCEANUSDT,,
948,NMRBTC,,
949,NMRBUSD,,
950,NMRUSDT,,
951,DOTBNB,,
952,DOTBTC,,
953,DOTBUSD,,
954,DOTUSDT,,
955,LUNABNB,,
956,LUNABTC,,
957,LUNABUSD,,
958,LUNAUSDT,,
959,IDEXBTC,,
960,IDEXBUSD,,
961,RSRBNB,,
962,RSRBTC,,
963,RSRBUSD,,
964,RSRUSDT,,
965,PAXGBNB,,
966,PAXGBTC,,
967,PAXGBUSD,,
968,PAXGUSDT,,
969,WNXMBNB,,
970,WNXMBTC,,
971,WNXMBUSD,,
972,WNXMUSDT,,
973,TRBBNB,,
974,TRBBTC,,
975,TRBBUSD,,
976,TRBUSDT,,
977,ETHNGN,,
978,DOTBIDR,,
979,LINKAUD,,
980,SXPAUD,,
981,BZRXBNB,,
982,BZRXBTC,,
983,BZRXBUSD,,
984,BZRXUSDT,,
985,WBTCBTC,,
986,WBTCETH,,
987,SUSHIBNB,,
988,SUSHIBTC,,
989,SUSHIBUSD,,
990,SUSHIUSDT,,
991,YFIIBNB,,
992,YFIIBTC,,
993,YFIIBUSD,,
994,YFIIUSDT,,
995,KSMBNB,,
996,KSMBTC,,
997,KSMBUSD,,
998,KSMUSDT,,
999,EGLDBNB,,
1000,EGLDBTC,,
1001,EGLDBUSD,,
1002,EGLDUSDT,,
1003,DIABNB,,
1004,DIABTC,,
1005,DIABUSD,,
1006,DIAUSDT,,
1007,RUNEUSDT,,
1008,FIOUSDT,,
1009,UMABTC,,
1010,UMAUSDT,,
1011,EOSUPUSDT,,
1012,EOSDOWNUSDT,,
1013,TRXUPUSDT,,
1014,TRXDOWNUSDT,,
1015,XRPUPUSDT,,
1016,XRPDOWNUSDT,,
1017,DOTUPUSDT,,
1018,DOTDOWNUSDT,,
1019,SRMBIDR,,
1020,ONEBIDR,,
1021,LINKTRY,,
1022,USDTNGN,,
1023,BELBNB,,
1024,BELBTC,,
1025,BELBUSD,,
1026,BELUSDT,,
1027,WINGBNB,,
1028,WINGBTC,,
1029,SWRVBNB,,
1030,SWRVBUSD,,
1031,WINGBUSD,,
1032,WINGUSDT,,
1033,LTCUPUSDT,,
1034,LTCDOWNUSDT,,
1035,LENDBKRW,,
1036,SXPEUR,,
1037,CREAMBNB,,
1038,CREAMBUSD,,
1039,UNIBNB,,
1040,UNIBTC,,
1041,UNIBUSD,,
1042,UNIUSDT,,
1043,NBSBTC,,
1044,NBSUSDT,,
1045,OXTBTC,,
1046,OXTUSDT,,
1047,SUNBTC,,
1048,SUNUSDT,,
1049,AVAXBNB,,
1050,AVAXBTC,,
1051,AVAXBUSD,,
1052,AVAXUSDT,,
1053,HNTBTC,,
1054,HNTUSDT,,
1055,BAKEBNB,,
1056,BURGERBNB,,
1057,SXPBIDR,,
1058,LINKBKRW,,
1059,FLMBNB,,
1060,FLMBTC,,
1061,FLMBUSD,,
1062,FLMUSDT,,
1063,SCRTBTC,,
1064,SCRTETH,,
1065,CAKEBNB,,
1066,CAKEBUSD,,
1067,SPARTABNB,,
1068,UNIUPUSDT,,
1069,UNIDOWNUSDT,,
1070,ORNBTC,,
1071,ORNUSDT,,
1072,TRXNGN,,
1073,SXPTRY,,
1074,UTKBTC,,
1075,UTKUSDT,,
1076,XVSBNB,,
1077,XVSBTC,,
1078,XVSBUSD,,
1079,XVSUSDT,,
1080,ALPHABNB,,
1081,ALPHABTC,,
1082,ALPHABUSD,,
1083,ALPHAUSDT,,
1084,VIDTBTC,,
1085,VIDTBUSD,,
1086,AAVEBNB,,
1087,BTCBRL,,
1088,USDTBRL,,
1089,AAVEBTC,,
1090,AAVEETH,,
1091,AAVEBUSD,,
1092,AAVEUSDT,,
1093,AAVEBKRW,,
1094,NEARBNB,,
1095,NEARBTC,,
1096,NEARBUSD,,
1097,NEARUSDT,,
1098,SXPUPUSDT,,
1099,SXPDOWNUSDT,,
1100,DOTBKRW,,
1101,SXPGBP,,
1102,FILBNB,,
1103,FILBTC,,
1104,FILBUSD,,
1105,FILUSDT,,
1106,FILUPUSDT,,
1107,FILDOWNUSDT,,
1108,YFIUPUSDT,,
1109,YFIDOWNUSDT,,
1110,INJBNB,,
1111,INJBTC,,
1112,INJBUSD,,
1113,INJUSDT,,
1114,AERGOBTC,,
1115,AERGOBUSD,,
1116,LINKEUR,,
1117,ONEBUSD,,
1118,EASYETH,,
1119,AUDIOBTC,,
1120,AUDIOBUSD,,
1121,AUDIOUSDT,,
1122,CTKBNB,,
1123,CTKBTC,,
1124,CTKBUSD,,
1125,CTKUSDT,,
1126,BCHUPUSDT,,
1127,BCHDOWNUSDT,,
1128,BOTBTC,,
1129,BOTBUSD,,
1130,ETHBRL,,
1131,DOTEUR,,
1132,AKROBTC,,
1133,AKROUSDT,,
1134,KP3RBNB,,
1135,KP3RBUSD,,
1136,AXSBNB,,
1137,AXSBTC,,
1138,AXSBUSD,,
1139,AXSUSDT,,
1140,HARDBNB,,
1141,HARDBTC,,
1142,HARDBUSD,,
1143,HARDUSDT,,
1144,BNBBRL,,
1145,LTCEUR,,
1146,RENBTCBTC,,
1147,RENBTCETH,,
1148,DNTBUSD,,
1149,DNTUSDT,,
1150,SLPETH,,
1151,ADAEUR,,
1152,LTCNGN,,
1153,CVPETH,,
1154,CVPBUSD,,
1155,STRAXBTC,,
1156,STRAXETH,,
1157,STRAXBUSD,,
1158,STRAXUSDT,,
1159,FORBTC,,
1160,FORBUSD,,
1161,UNFIBNB,,
1162,UNFIBTC,,
1163,UNFIBUSD,,
1164,UNFIUSDT,,
1165,FRONTETH,,
1166,FRONTBUSD,,
1167,BCHABUSD,,
1168,ROSEBTC,,
1169,ROSEBUSD,,
1170,ROSEUSDT,,
1171,AVAXTRY,,
1172,BUSDBRL,,
1173,AVAUSDT,,
1174,SYSBUSD,,
1175,XEMUSDT,,
1176,HEGICETH,,
1177,HEGICBUSD,,
1178,AAVEUPUSDT,,
1179,AAVEDOWNUSDT,,
1180,PROMBNB,,
1181,PROMBUSD,,
1182,XRPBRL,,
1183,XRPNGN,,
1184,SKLBTC,,
1185,SKLBUSD,,
1186,SKLUSDT,,
1187,BCHEUR,,
1188,YFIEUR,,
1189,ZILBIDR,,
1190,SUSDBTC,,
1191,SUSDETH,,
1192,SUSDUSDT,,
1193,COVERETH,,
1194,COVERBUSD,,
1195,GLMBTC,,
1196,GLMETH,,
1197,GHSTETH,,
1198,GHSTBUSD,,
1199,SUSHIUPUSDT,,
1200,SUSHIDOWNUSDT,,
1201,XLMUPUSDT,,
1202,XLMDOWNUSDT,,
1203,LINKBRL,,
1204,LINKNGN,,
1205,LTCRUB,,
1206,TRXTRY,,
1207,XLMEUR,,
1208,DFETH,,
1209,DFBUSD,,
1210,GRTBTC,,
1211,GRTETH,,
1212,GRTUSDT,,
1213,JUVBTC,,
1214,JUVBUSD,,
1215,JUVUSDT,,
1216,PSGBTC,,
1217,PSGBUSD,,
1218,PSGUSDT,,
1219,BUSDBVND,,
1220,USDTBVND,,
1221,1INCHBTC,,
1222,1INCHUSDT,,
1223,REEFBTC,,
1224,REEFUSDT,,
1225,OGBTC,,
1226,OGUSDT,,
1227,ATMBTC,,
1228,ATMUSDT,,
1229,ASRBTC,,
1230,ASRUSDT,,
1231,CELOBTC,,
1232,CELOUSDT,,
1233,RIFBTC,,
1234,RIFUSDT,,
1235,CHZTRY,,
1236,XLMTRY,,
1237,LINKGBP,,
1238,GRTEUR,,
1239,BTCSTBTC,,
1240,BTCSTBUSD,,
1241,BTCSTUSDT,,
1242,TRUBTC,,
1243,TRUBUSD,,
1244,TRUUSDT,,
1245,DEXEETH,,
1246,DEXEBUSD,,
1247,EOSEUR,,
1248,LTCBRL,,
1249,USDCBUSD,,
1250,TUSDBUSD,,
1251,PAXBUSD,,
1252,CKBBTC,,
1253,CKBBUSD,,
1254,CKBUSDT,,
1255,TWTBTC,,
1256,TWTBUSD,,
1257,TWTUSDT,,
1258,FIROBTC,,
1259,FIROETH,,
1260,FIROUSDT,,
1261,BETHETH,,
1262,DOGEEUR,,
1263,DOGETRY,,
1264,DOGEAUD,,
1265,DOGEBRL,,
1266,DOTNGN,,
1267,PROSETH,,
1268,LITBTC,,
1269,LITBUSD,,
1270,LITUSDT,,
1271,BTCVAI,,
1272,BUSDVAI,,
1273,SFPBTC,,
1274,SFPBUSD,,
1275,SFPUSDT,,
1276,DOGEGBP,,
1277,DOTTRY,,
1278,FXSBTC,,
1279,FXSBUSD,,
1280,DODOBTC,,
1281,DODOBUSD,,
1282,DODOUSDT,,
1283,FRONTBTC,,
1284,EASYBTC,,
1285,CAKEBTC,,
1286,CAKEUSDT,,
1287,BAKEBUSD,,
1288,UFTETH,,
1289,UFTBUSD,,
1290,1INCHBUSD,,
1291,BANDBUSD,,
1292,GRTBUSD,,
1293,IOSTBUSD,,
1294,OMGBUSD,,
1295,REEFBUSD,,
1296,ACMBTC,,
1297,ACMBUSD,,
1298,ACMUSDT,,
1299,AUCTIONBTC,,
1300,AUCTIONBUSD,,
1301,PHABTC,,
1302,PHABUSD,,
1303,DOTGBP,,
1304,ADATRY,,
1305,ADABRL,,
1306,ADAGBP,,
1307,TVKBTC,,
1308,TVKBUSD,,
1309,BADGERBTC,,
1310,BADGERBUSD,,
1311,BADGERUSDT,,
1312,FISBTC,,
1313,FISBUSD,,
1314,FISUSDT,,
1315,DOTBRL,,
1316,ADAAUD,,
1317,HOTTRY,,
1318,EGLDEUR,,
1319,OMBTC,,
1320,OMBUSD,,
1321,OMUSDT,,
1322,PONDBTC,,
1323,PONDBUSD,,
1324,PONDUSDT,,
1325,DEGOBTC,,
1326,DEGOBUSD,,
1327,DEGOUSDT,,
1328,AVAXEUR,,
1329,BTTTRY,,
1330,CHZBRL,,
1331,UNIEUR,,
1332,ALICEBTC,,
1333,ALICEBUSD,,
1334,ALICEUSDT,,
1335,CHZBUSD,,
1336,CHZEUR,,
1337,CHZGBP,,
1338,BIFIBNB,,
1339,BIFIBUSD,,
1340,LINABTC,,
1341,LINABUSD,,
1342,LINAUSDT,,
1343,ADARUB,,
1344,ENJBRL,,
1345,ENJEUR,,
1346,MATICEUR,,
1347,NEOTRY,,
1348,PERPBTC,,
1349,PERPBUSD,,
1350,PERPUSDT,,
1351,RAMPBTC,,
1352,RAMPBUSD,,
1353,RAMPUSDT,,
1354,SUPERBTC,,
1355,SUPERBUSD,,
1356,SUPERUSDT,,
1357,CFXBTC,,
1358,CFXBUSD,,
1359,CFXUSDT,,
1360,ENJGBP,,
1361,EOSTRY,,
1362,LTCGBP,,
1363,LUNAEUR,,
1364,RVNTRY,,
1365,THETAEUR,,
1366,XVGBUSD,,
1367,EPSBTC,,
1368,EPSBUSD,,
1369,EPSUSDT,,
1370,AUTOBTC,,
1371,AUTOBUSD,,
1372,AUTOUSDT,,
1373,TKOBTC,,
1374,TKOBIDR,,
1375,TKOBUSD,,
1376,TKOUSDT,,
1377,PUNDIXETH,,
1378,PUNDIXUSDT,,
1379,BTTBRL,,
1380,BTTEUR,,
1381,HOTEUR,,
1382,WINEUR,,
1383,TLMBTC,,
1384,TLMBUSD,,
1385,TLMUSDT,,
1386,1INCHUPUSDT,,
1387,1INCHDOWNUSDT,,
1388,BTGBUSD,,
1389,BTGUSDT,,
1390,HOTBUSD,,
1391,BNBUAH,,
1392,ONTTRY,,
1393,VETEUR,,
1394,VETGBP,,
1395,WINBRL,,
1396,MIRBTC,,
1397,MIRBUSD,,
1398,MIRUSDT,,
1399,BARBTC,,
1400,BARBUSD,,
1401,BARUSDT,,
1402,FORTHBTC,,
1403,FORTHBUSD,,
1404,FORTHUSDT,,
1405,CAKEGBP,,
1406,DOGERUB,,
1407,HOTBRL,,
1408,WRXEUR,,
1409,EZBTC,,
1410,EZETH,,
1411,BAKEUSDT,,
1412,BURGERBUSD,,
1413,BURGERUSDT,,
1414,SLPBUSD,,
1415,SLPUSDT,,
1416,TRXAUD,,
1417,TRXEUR,,
1418,VETTRY,,
1419,SHIBUSDT,,
1420,SHIBBUSD,,
1421,ICPBTC,,
1422,ICPBNB,,
1423,ICPBUSD,,
1424,ICPUSDT,,
1425,SHIBEUR,,
1426,SHIBRUB,,
1427,ETCEUR,,
1428,ETCBRL,,
1429,DOGEBIDR,,
1430,ARBTC,,
1431,ARBNB,,
1432,ARBUSD,,
1433,ARUSDT,,
1434,POLSBTC,,
1435,POLSBNB,,
1436,POLSBUSD,,
1437,POLSUSDT,,
1438,MDXBTC,,
1439,MDXBNB,,
1440,MDXBUSD,,
1441,MDXUSDT,,
1442,MASKBNB,,
1443,MASKBUSD,,
1444,MASKUSDT,,
1445,LPTBTC,,
1446,LPTBNB,,
1447,LPTBUSD,,
1448,LPTUSDT,,
1449,ETHUAH,,
1450,MATICBRL,,
1451,SOLEUR,,
1452,SHIBBRL,,
1453,AGIXBTC,,
1454,ICPEUR,,
1455,MATICGBP,,
1456,SHIBTRY,,
1457,MATICBIDR,,
1458,MATICRUB,,
1459,NUBTC,,
1460,NUBNB,,
1461,NUBUSD,,
1462,NUUSDT,,
1463,XVGUSDT,,
1464,RLCBUSD,,
1465,CELRBUSD,,
1466,ATMBUSD,,
1467,ZENBUSD,,
1468,FTMBUSD,,
1469,THETABUSD,,
1470,WINBUSD,,
1471,KAVABUSD,,
1472,XEMBUSD,,
1473,ATABTC,,
1474,ATABNB,,
1475,ATABUSD,,
1476,ATAUSDT,,
1477,GTCBTC,,
1478,GTCBNB,,
1479,GTCBUSD,,
1480,GTCUSDT,,
1481,TORNBTC,,
1482,TORNBNB,,
1483,TORNBUSD,,
1484,TORNUSDT,,
1485,MATICTRY,,
1486,ETCGBP,,
1487,SOLGBP,,
1488,BAKEBTC,,
1489,COTIBUSD,,
1490,KEEPBTC,,
1491,KEEPBNB,,
1492,KEEPBUSD,,
1493,KEEPUSDT,,
1494,SOLTRY,,
1495,RUNEGBP,,
1496,SOLBRL,,
1497,SCBUSD,,
1498,CHRBUSD,,
1499,STMXBUSD,,
1500,HNTBUSD,,
1501,FTTBUSD,,
1502,DOCKBUSD,,
1503,ADABIDR,,
1504,ERNBNB,,
1505,ERNBUSD,,
1506,ERNUSDT,,
1507,KLAYBTC,,
1508,KLAYBNB,,
1509,KLAYBUSD,,
1510,KLAYUSDT,,
1511,RUNEEUR,,
1512,MATICAUD,,
1513,DOTRUB,,
1514,UTKBUSD,,
1515,IOTXBUSD,,
1516,PHAUSDT,,
1517,SOLRUB,,
1518,RUNEAUD,,
1519,BUSDUAH,,
1520,BONDBTC,,
1521,BONDBNB,,
1522,BONDBUSD,,
1523,BONDUSDT,,
1524,MLNBTC,,
1525,MLNBNB,,
1526,MLNBUSD,,
1527,MLNUSDT,,
1528,GRTTRY,,
1529,CAKEBRL,,
1530,ICPRUB,,
1531,DOTAUD,,
1532,AAVEBRL,,
1533,EOSAUD,,
1534,DEXEUSDT,,
1535,LTOBUSD,,
1536,ADXBUSD,,
1537,QUICKBTC,,
1538,QUICKBNB,,
1539,QUICKBUSD,,
1540,C98USDT,,
1541,C98BUSD,,
1542,C98BNB,,
1543,C98BTC,,
1544,CLVBTC,,
1545,CLVBNB,,
1546,CLVBUSD,,
1547,CLVUSDT,,
1548,QNTBTC,,
1549,QNTBNB,,
1550,QNTBUSD,,
1551,QNTUSDT,,
1552,FLOWBTC,,
1553,FLOWBNB,,
1554,FLOWBUSD,,
1555,FLOWUSDT,,
1556,XECBUSD,,
1557,AXSBRL,,
1558,AXSAUD,,
1559,TVKUSDT,,
1560,MINABTC,,
1561,MINABNB,,
1562,MINABUSD,,
1563,MINAUSDT,,
1564,RAYBNB,,
1565,RAYBUSD,,
1566,RAYUSDT,,
1567,FARMBTC,,
1568,FARMBNB,,
1569,FARMBUSD,,
1570,FARMUSDT,,
1571,ALPACABTC,,
1572,ALPACABNB,,
1573,ALPACABUSD,,
1574,ALPACAUSDT,,
1575,TLMTRY,,
1576,QUICKUSDT,,
1577,ORNBUSD,,
1578,MBOXBTC,,
1579,MBOXBNB,,
1580,MBOXBUSD,,
1581,MBOXUSDT,,
1582,VGXBTC,,
1583,VGXETH,,
1584,FORUSDT,,
1585,REQUSDT,,
1586,GHSTUSDT,,
1587,TRURUB,,
1588,FISBRL,,
1589,WAXPUSDT,,
1590,WAXPBUSD,,
1591,WAXPBNB,,
1592,WAXPBTC,,
1593,TRIBEBTC,,
1594,TRIBEBNB,,
1595,TRIBEBUSD,,
1596,TRIBEUSDT,,
1597,GNOUSDT,,
1598,GNOBUSD,,
1599,GNOBNB,,
1600,GNOBTC,,
1601,ARPATRY,,
1602,PROMBTC,,
1603,MTLBUSD,,
1604,OGNBUSD,,
1605,XECUSDT,,
1606,C98BRL,,
1607,SOLAUD,,
1608,XRPBIDR,,
1609,POLYBUSD,,
1610,ELFUSDT,,
1611,DYDXUSDT,,
1612,DYDXBUSD,,
1613,DYDXBNB,,
1614,DYDXBTC,,
1615,ELFBUSD,,
1616,POLYUSDT,,
1617,IDEXUSDT,,
1618,VIDTUSDT,,
1619,SOLBIDR,,
1620,BTCUSDP,,
1621,ETHUSDP,,
1622,BNBUSDP,,
1623,USDPBUSD,,
1624,USDPUSDT,,
1625,GALAUSDT,,
1626,GALABUSD,,
1627,GALABNB,,
1628,GALABTC,,
1629,FTMBIDR,,
1630,ALGOBIDR,,
1631,CAKEAUD,,
1632,KSMAUD,,
1633,WAVESRUB,,
1634,SUNBUSD,,
1635,ILVUSDT,,
1636,ILVBUSD,,
1637,ILVBNB,,
1638,ILVBTC,,
1639,RENBUSD,,
1640,YGGUSDT,,
1641,YGGBUSD,,
1642,YGGBNB,,
1643,YGGBTC,,
1644,STXBUSD,,
1645,SYSUSDT,,
1646,DFUSDT,,
1647,SOLUSDC,,
1648,ARPARUB,,
1649,LTCUAH,,
1650,FETBUSD,,
1651,ARPABUSD,,
1652,LSKBUSD,,
1653,AVAXBIDR,,
1654,ALICEBIDR,,
1655,FIDAUSDT,,
1656,FIDABUSD,,
1657,FIDABNB,,
1658,FIDABTC,,
1659,DENTBUSD,,
1660,FRONTUSDT,,
1661,CVPUSDT,,
1662,AGLDBTC,,
1663,AGLDBNB,,
1664,AGLDBUSD,,
1665,AGLDUSDT,,
1666,RADBTC,,
1667,RADBNB,,
1668,RADBUSD,,
1669,RADUSDT,,
1670,UNIAUD,,
1671,HIVEBUSD,,
1672,STPTBUSD,,
1673,BETABTC,,
1674,BETABNB,,
1675,BETABUSD,,
1676,BETAUSDT,,
1677,SHIBAUD,,
1678,RAREBTC,,
1679,RAREBNB,,
1680,RAREBUSD,,
1681,RAREUSDT,,
1682,AVAXBRL,,
1683,AVAXAUD,,
1684,LUNAAUD,,
1685,TROYBUSD,,
1686,AXSETH,,
1687,FTMETH,,
1688,SOLETH,,
1689,SSVBTC,,
1690,SSVETH,,
1691,LAZIOTRY,,
1692,LAZIOEUR,,
1693,LAZIOBTC,,
1694,LAZIOUSDT,,
1695,CHESSBTC,,
1696,CHESSBNB,,
1697,CHESSBUSD,,
1698,CHESSUSDT,,
1699,FTMAUD,,
1700,FTMBRL,,
1701,SCRTBUSD,,
1702,ADXUSDT,,
1703,AUCTIONUSDT,,
1704,CELOBUSD,,
1705,FTMRUB,,
1706,NUAUD,,
1707,NURUB,,
1708,REEFTRY,,
1709,REEFBIDR,,
1710,SHIBDOGE,,
1711,DARUSDT,,
1712,DARBUSD,,
1713,DARBNB,,
1714,DARBTC,,
1715,BNXBTC,,
1716,BNXBNB,,
1717,BNXBUSD,,
1718,BNXUSDT,,
1719,RGTUSDT,,
1720,RGTBTC,,
1721,RGTBUSD,,
1722,RGTBNB,,
1723,LAZIOBUSD,,
1724,OXTBUSD,,
1725,MANATRY,,
1726,ALGORUB,,
1727,SHIBUAH,,
1728,LUNABIDR,,
1729,AUDUSDC,,
1730,MOVRBTC,,
1731,MOVRBNB,,
1732,MOVRBUSD,,
1733,MOVRUSDT,,
1734,CITYBTC,,
1735,CITYBNB,,
1736,CITYBUSD,,
1737,CITYUSDT,,
1738,ENSBTC,,
1739,ENSBNB,,
1740,ENSBUSD,,
1741,ENSUSDT,,
1742,SANDETH,,
1743,DOTETH,,
1744,MATICETH,,
1745,ANKRBUSD,,
1746,SANDTRY,,
1747,MANABRL,,
1748,KP3RUSDT,,
1749,QIUSDT,,
1750,QIBUSD,,
1751,QIBNB,,
1752,QIBTC,,
1753,PORTOBTC,,
1754,PORTOUSDT,,
1755,PORTOTRY,,
1756,PORTOEUR,,
1757,POWRUSDT,,
1758,POWRBUSD,,
1759,AVAXETH,,
1760,SLPTRY,,
1761,FISTRY,,
1762,LRCTRY,,
1763,CHRETH,,
1764,FISBIDR,,
1765,VGXUSDT,,
1766,GALAETH,,
1767,JASMYUSDT,,
1768,JASMYBUSD,,
1769,JASMYBNB,,
1770,JASMYBTC,,
1771,AMPBTC,,
1772,AMPBNB,,
1773,AMPBUSD,,
1774,AMPUSDT,,
1775,PLABTC,,
1776,PLABNB,,
1777,PLABUSD,,
1778,PLAUSDT,,
1779,PYRBTC,,
1780,PYRBUSD,,
1781,PYRUSDT,,
1782,RNDRBTC,,
1783,RNDRUSDT,,
1784,RNDRBUSD,,
1785,ALCXBTC,,
1786,ALCXBUSD,,
1787,ALCXUSDT,,
1788,SANTOSBTC,,
1789,SANTOSUSDT,,
1790,SANTOSBRL,,
1791,SANTOSTRY,,
1792,MCBTC,,
1793,MCBUSD,,
1794,MCUSDT,,
1795,BELTRY,,
1796,COCOSBUSD,,
1797,DENTTRY,,
1798,ENJTRY,,
1799,NEORUB,,
1800,SANDAUD,,
1801,SLPBIDR,,
1802,ANYBTC,,
1803,ANYBUSD,,
1804,ANYUSDT,,
1805,BICOBTC,,
1806,BICOBUSD,,
1807,BICOUSDT,,
1808,FLUXBTC,,
1809,FLUXBUSD,,
1810,FLUXUSDT,,
1811,ALICETRY,,
1812,FXSUSDT,,
1813,GALABRL,,
1814,GALATRY,,
1815,LUNATRY,,
1816,REQBUSD,,
1817,SANDBRL,,
1818,MANABIDR,,
1819,SANDBIDR,,
1820,VOXELBTC,,
1821,VOXELBNB,,
1822,VOXELBUSD,,
1823,VOXELUSDT,,
1824,COSBUSD,,
1825,CTXCBUSD,,
1826,FTMTRY,,
1827,MANABNB,,
1828,MINATRY,,
1829,XTZTRY,,
1830,HIGHBTC,,
1831,HIGHBUSD,,
1832,HIGHUSDT,,
1833,CVXBTC,,
1834,CVXBUSD,,
1835,CVXUSDT,,
1836,PEOPLEBTC,,
1837,PEOPLEBUSD,,
1838,PEOPLEUSDT,,
1839,OOKIBUSD,,
1840,OOKIUSDT,,
1841,COCOSTRY,,
1842,GXSBNB,,
1843,LINKBNB,,
1844,LUNAETH,,
1845,MDTBUSD,,
1846,NULSBUSD,,
1847,SPELLBTC,,
1848,SPELLUSDT,,
1849,SPELLBUSD,,
1850,USTBTC,,
1851,USTBUSD,,
1852,USTUSDT,,
1853,JOEBTC,,
1854,JOEBUSD,,
1855,JOEUSDT,,
1856,ATOMETH,,
1857,DUSKBUSD,,
1858,EGLDETH,,
1859,ICPETH,,
1860,LUNABRL,,
1861,LUNAUST,,
1862,NEARETH,,
1863,ROSEBNB,,
1864,VOXELETH,,
1865,ALICEBNB,,
1866,ATOMTRY,,
1867,ETHUST,,
1868,GALAAUD,,
1869,LRCBNB,,
1870,ONEETH,,
1871,OOKIBNB,,
1872,ACHBTC,,
1873,ACHBUSD,,
1874,ACHUSDT,,
1875,IMXBTC,,
1876,IMXBUSD,,
1877,IMXUSDT,,
1878,GLMRBTC,,
1879,GLMRBUSD,,
1880,GLMRUSDT,,
1881,ATOMBIDR,,
1882,DYDXETH,,
1883,FARMETH,,
1884,FORBNB,,
1885,ICPTRY,,
1886,JASMYETH,,
1887,LINABNB,,
1888,OOKIETH,,
1889,ROSEETH,,
1890,UMABUSD,,
1891,UNIETH,,
1892,XTZETH,,
1893,LOKABTC,,
1894,LOKABNB,,
1895,LOKABUSD,,
1896,LOKAUSDT,,
1897,ATOMBRL,,
1898,BNBUST,,
1899,CRVETH,,
1900,HIGHBNB,,
1901,NEARRUB,,
1902,ROSETRY,,
1903,SCRTUSDT,,
1904,API3BTC,,
1905,API3BUSD,,
1906,API3USDT,,
1907,BTTCUSDT,,
1908,BTTCUSDC,,
1909,BTTCTRY,,
1910,ACABTC,,
1911,ACABUSD,,
1912,ACAUSDT,,
1913,ANCBTC,,
1914,ANCBUSD,,
1915,ANCUSDT,,
1916,BDOTDOT,,
1917,XNOBTC,,
1918,XNOETH,,
1919,XNOBUSD,,
1920,XNOUSDT,,
1921,COSTRY,,
1922,KAVAETH,,
1923,MCBNB,,
1924,ONETRY,,
1925,WOOBTC,,
1926,WOOBNB,,
1927,WOOBUSD,,
1928,WOOUSDT,,
1929,CELRETH,,
1930,PEOPLEBNB,,
1931,SLPBNB,,
1932,SPELLBNB,,
1933,SPELLTRY,,
1934,TFUELBUSD,,
1935,AXSTRY,,
1936,DARTRY,,
1937,NEARTRY,,
1938,IDEXBNB,,
1939,ALPINEEUR,,
1940,ALPINETRY,,
1941,ALPINEUSDT,,
1942,ALPINEBTC,,
1943,TUSDT,,
1944,TBUSD,,
1945,API3BNB,,
1946,BETAETH,,
1947,INJTRY,,
1948,TLMBNB,,
1949,ASTRBUSD,,
1950,ASTRUSDT,,
1951,API3TRY,,
1952,GLMRBNB,,
1953,MBOXTRY,,
1954,GMTBTC,,
1955,GMTBNB,,
1956,GMTBUSD,,
1957,GMTUSDT,,
1958,ANCBNB,,
1959,ATOMEUR,,
1960,GALAEUR,,
1961,KSMETH,,
1962,UMATRY,,
1963,KDABTC,,
1964,KDABUSD,,
1965,KDAUSDT,,
1966,APEUSDT,,
1967,APEBUSD,,
1968,APEBTC,,
1969,ALPINEBUSD,,
1970,LUNAGBP,,
1971,NEAREUR,,
1972,TWTTRY,,
1973,WAVESEUR,,
1974,APEEUR,,
1975,APEGBP,,
1976,APETRY,,
1977,BSWUSDT,,
1978,BSWBUSD,,
1979,BSWBNB,,
1980,APEBNB,,
1981,GMTBRL,,
1982,GMTETH,,
1983,JASMYTRY,,
1984,SANTOSBUSD,,
1985,APEAUD,,
1986,BIFIUSDT,,
1987,GMTEUR,,
1988,IMXBNB,,
1989,RUNEETH,,
1990,AVAXGBP,,
1991,MULTIBTC,,
1992,MULTIBUSD,,
1993,MULTIUSDT,,
1994,APEETH,,
1995,BSWETH,,
1996,FILTRY,,
1997,FTMEUR,,
1998,GMTGBP,,
1999,ZILTRY,,
2000,GMTTRY,,
2001,WAVESTRY,,
2002,BTCUST,,
2003,ASTRBTC,,
2004,ASTRETH,,
2005,BSWTRY,,
2006,FTTETH,,
2007,FUNBNB,,
2008,PORTOBUSD,,
2009,STEEMUSDT,,
2010,ZILEUR,,
2011,APEBRL,,
2012,AUDIOTRY,,
2013,BTTCBUSD,,
2014,GMTAUD,,
2015,MBLBUSD,,
2016,MOBUSDT,,
2017,MOBBUSD,,
2018,MOBBTC,,
2019,NEXOUSDT,,
2020,NEXOBUSD,,
2021,NEXOBTC,,
2022,REIUSDT,,
2023,REIBNB,,
2024,REIETH,,
2025,GALUSDT,,
2026,GALBUSD,,
2027,GALBNB,,
2028,GALBTC,,
2029,JASMYEUR,,
2030,KNCBNB,,
2031,SHIBGBP,,
2032,GALEUR,,
2033,GALTRY,,
2034,LDOBUSD,,
2035,LDOUSDT,,
2036,LDOBTC,,
2037,ENSTRY,,
2038,DAREUR,,
2039,DARETH,,
2040,ALGOETH,,
2041,ALGOTRY,,
2042,GALETH,,
2043,EPXUSDT,,
2044,EPXBUSD,,
2045,RUNETRY,,
2046,GALBRL,,
2047,STEEMBUSD,,
2048,CVCBUSD,,
2049,REIBUSD,,
2050,DREPBUSD,,
2051,AKROBUSD,,
2052,PUNDIXBUSD,,
2053,LUNCBUSD,,
2054,USTCBUSD,,
2055,OPBTC,,
2056,OPBUSD,,
2057,OPUSDT,,
2058,OGBUSD,,
2059,KEYBUSD,,
2060,ASRBUSD,,
2061,FIROBUSD,,
2062,NKNBUSD,,
2063,OPBNB,,
2064,OPEUR,,
2065,GTOBUSD,,
2066,SNXETH,,
2067,WBTCBUSD,,
2068,BELETH,,
2069,LITETH,,
2070,LEVERUSDT,,
2071,LEVERBUSD,,
2072,BURGERETH,,
2073,PEOPLEETH,,
2074,UNFIETH,,
2075,BONDETH,,
2076,STORJTRY,,
2077,OPETH,,
2078,ETCTRY,,
2079,WINGETH,,
2080,FILETH,,
2081,GLMBUSD,,
2082,SSVBUSD,,
2083,STGBTC,,
2084,STGBUSD,,
2085,STGUSDT,,
2086,ANKRTRY,,
2087,ARKBUSD,,
2088,BETHBUSD,,
2089,LOOMBUSD,,
2090,SNMBUSD,,
2091,AMBBUSD,,
2092,LUNCUSDT,,
2093,PHBBUSD,,
2094,GASBUSD,,
2095,NEBLBUSD,,
2096,PROSBUSD,,
2097,VIBBUSD,,
2098,GMXBTC,,
2099,GMXBUSD,,
2100,GMXUSDT,,
2101,AGIXBUSD,,
2102,NEBLUSDT,,
2103,SNTBUSD,,
2104,POLYXBTC,,
2105,POLYXBUSD,,
2106,POLYXUSDT,,
2107,APTBTC,,
2108,APTUSDT,,
2109,APTBUSD,,
2110,BTCPLN,,
2111,ETHPLN,,
2112,BUSDPLN,,
2113,APTEUR,,
2114,APTTRY,,
2115,APTBRL,,
2116,QKCBUSD,,
2117,OSMOBTC,,
2118,OSMOUSDT,,
2119,OSMOBUSD,,
2120,HFTBTC,,
2121,HFTBUSD,,
2122,HFTUSDT,,
2123,ARPAETH,,
2124,PHBUSDT,,
2125,VITEBUSD,,
2126,HOOKBTC,,
2127,HOOKUSDT,,
2128,HOOKBUSD,,
2129,HOOKBNB,,
2130,MAGICBTC,,
2131,MAGICBUSD,,
2132,MAGICUSDT,,
2133,BUSDRON,,
2134,HIFIETH,,
2135,HIFIUSDT,,
2136,RPLBTC,,
2137,RPLBUSD,,
2138,RPLUSDT,,
2139,PROSUSDT,,
2140,FETTRY,,
2141,GFTBUSD,,
2142,AGIXUSDT,,
2143,APTETH,,
2144,BTCRON,,
2145,GNSUSDT,,
2146,GNSBTC,,
2147,SYNBTC,,
2148,SYNUSDT,,
2149,VIBUSDT,,
2150,SSVUSDT,,
2151,LQTYUSDT,,
2152,LQTYBTC,,
2153,AMBUSDT,,
2154,BETHUSDT,,
2155,CFXTRY,,
2156,STXTRY,,
2157,USTCUSDT,,
2158,GASUSDT,,
2159,GLMUSDT,,
2160,PROMUSDT,,
2161,QKCUSDT,,
2162,UFTUSDT,,
2163,IDBTC,,
2164,IDBNB,,
2165,IDUSDT,,
2166,ARBBTC,,
2167,ARBUSDT,,
2168,AGIXTRY,,
2169,LOOMUSDT,,
2170,OAXUSDT,,
2171,ARBTUSD,,
2172,ARBTRY,,
2173,ARBEUR,,
2174,IDTUSD,,
2175,IDTRY,,
2176,IDEUR,,
2177,LDOTUSD,,
2178,MATICTUSD,,
2179,OPTUSD,,
2180,SOLTUSD,,
2181,SSVTUSD,,
2182,RDNTBTC,,
2183,RDNTUSDT,,
2184,RDNTTUSD,,
2185,ARBRUB,,
2186,JOETRY,,
2187,MAGICTRY,,
2188,USDTPLN,,
2189,ACHTRY,,
2190,XVSTRY,,
2191,EGLDRON,,
2192,USDTRON,,
2193,USDTARS,,
2194,DOGETUSD,,
2195,WBTCUSDT,,
2196,EDUUSDT,,
2197,EDUTUSD,,
2198,EDUBNB,,
2199,EDUBTC,,
2200,EDUEUR,,
2201,EDUTRY,,
2202,SUIUSDT,,
2203,SUITUSD,,
2204,SUIBTC,,
2205,SUIBNB,,
2206,SUIEUR,,
2207,SUITRY,,
2208,AERGOUSDT,,
2209,RNDRTRY,,
2210,PEPEUSDT,,
2211,PEPETUSD,,
2212,FLOKIUSDT,,
2213,FLOKITUSD,,
2214,OGTRY,,
2215,PEPETRY,,
2216,WBETHETH,,
2217,ASTUSDT,,
2218,SNTUSDT,,
2219,FLOKITRY,,
2220,CITYTRY,,
2221,COMBOUSDT,,
2222,COMBOBNB,,
2223,COMBOTRY,,
2224,LTCTRY,,
2225,RADTRY,,
2226,BTCARS,,
2227,OPTRY,,
2228,PAXGTRY,,
2229,MAVBTC,,
2230,MAVUSDT,,
2231,MAVTUSD,,
2232,CFXTUSD,,
2233,PENDLEBTC,,
2234,PENDLEUSDT,,
2235,PENDLETUSD,,
2236,MAVTRY,,
2237,OCEANTRY,,
2238,TUSDTRY,,
2239,ARBETH,,
2240,BCHTRY,,
2241,XVGTRY,,
2242,XVGTUSD,,
2243,ARKMUSDT,,
2244,ARKMTUSD,,
2245,ARKMTRY,,
2246,ARKMBNB,,
2247,ARKMBTC,,
2248,WBETHUSDT,,
2249,ACATRY,,
2250,AVAXTUSD,,
2251,COMPTUSD,,
2252,COMPTRY,,
2253,XECTRY,,
2254,QUICKTUSD,,
2255,WLDUSDT,,
2256,WLDBTC,,
2257,BNBFDUSD,,
2258,FDUSDBUSD,,
2259,FDUSDUSDT,,
2260,ARKMRUB,,
2261,WLDTRY,,
2262,WLDRUB,,
2263,AMPTRY,,
2264,OGNTRY,,
2265,BTCFDUSD,,
2266,ETHFDUSD,,
2267,ASRTRY,,
2268,ATMTRY,,
2269,ACMTRY,,
2270,BARTRY,,
2271,JUVTRY,,
2272,PSGTRY,,
2273,SEIBNB,,
2274,SEIBTC,,
2275,SEIFDUSD,,
2276,SEITRY,,
2277,SEIUSDT,,
2278,CYBERBNB,,
2279,CYBERBTC,,
2280,CYBERFDUSD,,
2281,CYBERTRY,,
2282,CYBERUSDT,,
